<?xml version="1.0"?>
<doc>
    <assembly>
        <name>Microsoft.Extensions.Logging.EventLog</name>
    </assembly>
    <members>
        <member name="T:Microsoft.Extensions.Logging.EventLoggerFactoryExtensions">
            <summary>
            Extension methods for the <see cref="T:Microsoft.Extensions.Logging.ILoggerFactory"/> class.
            </summary>
        </member>
        <member name="M:Microsoft.Extensions.Logging.EventLoggerFactoryExtensions.AddEventLog(Microsoft.Extensions.Logging.ILoggerFactory,Microsoft.Extensions.Logging.EventLog.EventLogSettings)">
            <summary>
            Adds an event logger. Use <paramref name="settings"/> to enable logging for specific <see cref="T:Microsoft.Extensions.Logging.LogLevel"/>s.
            </summary>
            <param name="factory">The extension method argument.</param>
            <param name="settings">The <see cref="T:Microsoft.Extensions.Logging.EventLog.EventLogSettings"/>.</param>
        </member>
        <member name="M:Microsoft.Extensions.Logging.EventLoggerFactoryExtensions.AddEventLog(Microsoft.Extensions.Logging.ILoggerFactory,Microsoft.Extensions.Logging.LogLevel)">
            <summary>
            Adds an event logger that is enabled for <see cref="T:Microsoft.Extensions.Logging.LogLevel"/>s of minLevel or higher.
            </summary>
            <param name="factory">The extension method argument.</param>
            <param name="minLevel">The minimum <see cref="T:Microsoft.Extensions.Logging.LogLevel"/> to be logged</param>
        </member>
        <member name="M:Microsoft.Extensions.Logging.EventLoggerFactoryExtensions.AddEventLog(Microsoft.Extensions.Logging.ILoggerFactory)">
            <summary>
            Adds an event logger that is enabled for <see cref="T:Microsoft.Extensions.Logging.LogLevel"/>.Information or higher.
            </summary>
            <param name="factory">The extension method argument.</param>
        </member>
        <member name="M:Microsoft.Extensions.Logging.EventLoggerFactoryExtensions.AddEventLog(Microsoft.Extensions.Logging.ILoggingBuilder)">
            <summary>
            Adds an event logger named 'EventLog' to the factory.
            </summary>
            <param name="builder">The extension method argument.</param>
            <returns>The <see cref="T:Microsoft.Extensions.Logging.ILoggingBuilder"/> so that additional calls can be chained.</returns>
        </member>
        <member name="M:Microsoft.Extensions.Logging.EventLoggerFactoryExtensions.AddEventLog(Microsoft.Extensions.Logging.ILoggingBuilder,Microsoft.Extensions.Logging.EventLog.EventLogSettings)">
            <summary>
            Adds an event logger. Use <paramref name="settings"/> to enable logging for specific <see cref="T:Microsoft.Extensions.Logging.LogLevel"/>s.
            </summary>
            <param name="builder">The extension method argument.</param>
            <param name="settings">The <see cref="T:Microsoft.Extensions.Logging.EventLog.EventLogSettings"/>.</param>
            <returns>The <see cref="T:Microsoft.Extensions.Logging.ILoggingBuilder"/> so that additional calls can be chained.</returns>
        </member>
        <member name="M:Microsoft.Extensions.Logging.EventLoggerFactoryExtensions.AddEventLog(Microsoft.Extensions.Logging.ILoggingBuilder,System.Action{Microsoft.Extensions.Logging.EventLog.EventLogSettings})">
            <summary>
            Adds an event logger. Use <paramref name="configure"/> to enable logging for specific <see cref="T:Microsoft.Extensions.Logging.LogLevel"/>s.
            </summary>
            <param name="builder">The extension method argument.</param>
            <param name="configure">A delegate to configure the <see cref="T:Microsoft.Extensions.Logging.EventLog.EventLogSettings"/>.</param>
            <returns>The <see cref="T:Microsoft.Extensions.Logging.ILoggingBuilder"/> so that additional calls can be chained.</returns>
        </member>
        <member name="T:Microsoft.Extensions.Logging.EventLog.EventLogLogger">
            <summary>
            A logger that writes messages to Windows Event Log.
            </summary>
        </member>
        <member name="M:Microsoft.Extensions.Logging.EventLog.EventLogLogger.#ctor(System.String,Microsoft.Extensions.Logging.EventLog.EventLogSettings,Microsoft.Extensions.Logging.IExternalScopeProvider)">
            <summary>
            Initializes a new instance of the <see cref="T:Microsoft.Extensions.Logging.EventLog.EventLogLogger"/> class.
            </summary>
            <param name="name">The name of the logger.</param>
            <param name="settings">The <see cref="T:Microsoft.Extensions.Logging.EventLog.EventLogSettings"/>.</param>
            <param name="externalScopeProvider">The <see cref="T:Microsoft.Extensions.Logging.IExternalScopeProvider"/>.</param>
        </member>
        <member name="P:Microsoft.Extensions.Logging.EventLog.EventLogLogger.EventLog">
            <summary>
            The event log.
            </summary>
        </member>
        <member name="M:Microsoft.Extensions.Logging.EventLog.EventLogLogger.BeginScope``1(``0)">
            <inheritdoc />
        </member>
        <member name="M:Microsoft.Extensions.Logging.EventLog.EventLogLogger.IsEnabled(Microsoft.Extensions.Logging.LogLevel)">
            <inheritdoc />
        </member>
        <member name="M:Microsoft.Extensions.Logging.EventLog.EventLogLogger.Log``1(Microsoft.Extensions.Logging.LogLevel,Microsoft.Extensions.Logging.EventId,``0,System.Exception,System.Func{``0,System.Exception,System.String})">
            <inheritdoc />
        </member>
        <member name="T:Microsoft.Extensions.Logging.EventLog.EventLogLoggerProvider">
            <summary>
            The provider for the <see cref="T:Microsoft.Extensions.Logging.EventLog.EventLogLogger"/>.
            </summary>
        </member>
        <member name="M:Microsoft.Extensions.Logging.EventLog.EventLogLoggerProvider.#ctor">
            <summary>
            Initializes a new instance of the <see cref="T:Microsoft.Extensions.Logging.EventLog.EventLogLoggerProvider"/> class.
            </summary>
        </member>
        <member name="M:Microsoft.Extensions.Logging.EventLog.EventLogLoggerProvider.#ctor(Microsoft.Extensions.Logging.EventLog.EventLogSettings)">
            <summary>
            Initializes a new instance of the <see cref="T:Microsoft.Extensions.Logging.EventLog.EventLogLoggerProvider"/> class.
            </summary>
            <param name="settings">The <see cref="T:Microsoft.Extensions.Logging.EventLog.EventLogSettings"/>.</param>
        </member>
        <member name="M:Microsoft.Extensions.Logging.EventLog.EventLogLoggerProvider.#ctor(Microsoft.Extensions.Options.IOptions{Microsoft.Extensions.Logging.EventLog.EventLogSettings})">
            <summary>
            Initializes a new instance of the <see cref="T:Microsoft.Extensions.Logging.EventLog.EventLogLoggerProvider"/> class.
            </summary>
            <param name="options">The <see cref="T:Microsoft.Extensions.Options.IOptions`1"/>.</param>
        </member>
        <member name="M:Microsoft.Extensions.Logging.EventLog.EventLogLoggerProvider.CreateLogger(System.String)">
            <inheritdoc />
        </member>
        <member name="M:Microsoft.Extensions.Logging.EventLog.EventLogLoggerProvider.Dispose">
            <inheritdoc />
        </member>
        <member name="M:Microsoft.Extensions.Logging.EventLog.EventLogLoggerProvider.SetScopeProvider(Microsoft.Extensions.Logging.IExternalScopeProvider)">
            <inheritdoc />
        </member>
        <member name="T:Microsoft.Extensions.Logging.EventLog.EventLogSettings">
            <summary>
            Settings for <see cref="T:Microsoft.Extensions.Logging.EventLog.EventLogLogger"/>.
            </summary>
        </member>
        <member name="P:Microsoft.Extensions.Logging.EventLog.EventLogSettings.LogName">
            <summary>
            Name of the event log. If <c>null</c> or not specified, "Application" is the default.
            </summary>
        </member>
        <member name="P:Microsoft.Extensions.Logging.EventLog.EventLogSettings.SourceName">
            <summary>
            Name of the event log source. If <c>null</c> or not specified, ".NET Runtime" is the default.
            </summary>
        </member>
        <member name="P:Microsoft.Extensions.Logging.EventLog.EventLogSettings.MachineName">
            <summary>
            Name of the machine having the event log. If <c>null</c> or not specified, local machine is the default.
            </summary>
        </member>
        <member name="P:Microsoft.Extensions.Logging.EventLog.EventLogSettings.Filter">
            <summary>
            The function used to filter events based on the log level.
            </summary>
        </member>
        <member name="T:Microsoft.Extensions.Logging.EventLog.WindowsEventLog">
            <summary>
            The windows event log.
            </summary>
        </member>
        <member name="M:Microsoft.Extensions.Logging.EventLog.WindowsEventLog.#ctor(System.String,System.String,System.String)">
            <summary>
            Initializes a new instance of the <see cref="T:Microsoft.Extensions.Logging.EventLog.WindowsEventLog"/> class.
            </summary>
        </member>
        <member name="P:Microsoft.Extensions.Logging.EventLog.WindowsEventLog.DiagnosticsEventLog">
            <summary>
            The diagnostics event log.
            </summary>
        </member>
        <member name="P:Microsoft.Extensions.Logging.EventLog.WindowsEventLog.MaxMessageSize">
            <summary>
            The maximum message size.
            </summary>
        </member>
        <member name="T:Microsoft.Extensions.Logging.NullExternalScopeProvider">
            <summary>
            Scope provider that does nothing.
            </summary>
        </member>
        <member name="P:Microsoft.Extensions.Logging.NullExternalScopeProvider.Instance">
            <summary>
            Returns a cached instance of <see cref="T:Microsoft.Extensions.Logging.NullExternalScopeProvider"/>.
            </summary>
        </member>
        <member name="M:Microsoft.Extensions.Logging.NullExternalScopeProvider.Microsoft#Extensions#Logging#IExternalScopeProvider#ForEachScope``1(System.Action{System.Object,``0},``0)">
            <inheritdoc />
        </member>
        <member name="M:Microsoft.Extensions.Logging.NullExternalScopeProvider.Microsoft#Extensions#Logging#IExternalScopeProvider#Push(System.Object)">
            <inheritdoc />
        </member>
        <member name="T:Microsoft.Extensions.Logging.NullScope">
            <summary>
            An empty scope without any logic
            </summary>
        </member>
        <member name="M:Microsoft.Extensions.Logging.NullScope.Dispose">
            <inheritdoc />
        </member>
        <member name="M:System.ThrowHelper.ThrowIfNull(System.Object,System.String)">
            <summary>Throws an <see cref="T:System.ArgumentNullException"/> if <paramref name="argument"/> is null.</summary>
            <param name="argument">The reference type argument to validate as non-null.</param>
            <param name="paramName">The name of the parameter with which <paramref name="argument"/> corresponds.</param>
        </member>
        <member name="M:System.ThrowHelper.IfNullOrWhitespace(System.String,System.String)">
            <summary>
            Throws either an <see cref="T:System.ArgumentNullException"/> or an <see cref="T:System.ArgumentException"/>
            if the specified string is <see langword="null"/> or whitespace respectively.
            </summary>
            <param name="argument">String to be checked for <see langword="null"/> or whitespace.</param>
            <param name="paramName">The name of the parameter being checked.</param>
            <returns>The original value of <paramref name="argument"/>.</returns>
        </member>
        <member name="T:System.Runtime.InteropServices.LibraryImportAttribute">
            <summary>
            Attribute used to indicate a source generator should create a function for marshalling
            arguments instead of relying on the runtime to generate an equivalent marshalling function at run-time.
            </summary>
            <remarks>
            This attribute is meaningless if the source generator associated with it is not enabled.
            The current built-in source generator only supports C# and only supplies an implementation when
            applied to static, partial, non-generic methods.
            </remarks>
        </member>
        <member name="M:System.Runtime.InteropServices.LibraryImportAttribute.#ctor(System.String)">
            <summary>
            Initializes a new instance of the <see cref="T:System.Runtime.InteropServices.LibraryImportAttribute"/>.
            </summary>
            <param name="libraryName">Name of the library containing the import.</param>
        </member>
        <member name="P:System.Runtime.InteropServices.LibraryImportAttribute.LibraryName">
            <summary>
            Gets the name of the library containing the import.
            </summary>
        </member>
        <member name="P:System.Runtime.InteropServices.LibraryImportAttribute.EntryPoint">
            <summary>
            Gets or sets the name of the entry point to be called.
            </summary>
        </member>
        <member name="P:System.Runtime.InteropServices.LibraryImportAttribute.StringMarshalling">
            <summary>
            Gets or sets how to marshal string arguments to the method.
            </summary>
            <remarks>
            If this field is set to a value other than <see cref="F:System.Runtime.InteropServices.StringMarshalling.Custom" />,
            <see cref="P:System.Runtime.InteropServices.LibraryImportAttribute.StringMarshallingCustomType" /> must not be specified.
            </remarks>
        </member>
        <member name="P:System.Runtime.InteropServices.LibraryImportAttribute.StringMarshallingCustomType">
            <summary>
            Gets or sets the <see cref="T:System.Type"/> used to control how string arguments to the method are marshalled.
            </summary>
            <remarks>
            If this field is specified, <see cref="P:System.Runtime.InteropServices.LibraryImportAttribute.StringMarshalling" /> must not be specified
            or must be set to <see cref="F:System.Runtime.InteropServices.StringMarshalling.Custom" />.
            </remarks>
        </member>
        <member name="P:System.Runtime.InteropServices.LibraryImportAttribute.SetLastError">
            <summary>
            Gets or sets whether the callee sets an error (SetLastError on Windows or errno
            on other platforms) before returning from the attributed method.
            </summary>
        </member>
        <member name="T:System.Runtime.InteropServices.StringMarshalling">
            <summary>
            Specifies how strings should be marshalled for generated p/invokes
            </summary>
        </member>
        <member name="F:System.Runtime.InteropServices.StringMarshalling.Custom">
            <summary>
            Indicates the user is suppling a specific marshaller in <see cref="P:System.Runtime.InteropServices.LibraryImportAttribute.StringMarshallingCustomType"/>.
            </summary>
        </member>
        <member name="F:System.Runtime.InteropServices.StringMarshalling.Utf8">
            <summary>
            Use the platform-provided UTF-8 marshaller.
            </summary>
        </member>
        <member name="F:System.Runtime.InteropServices.StringMarshalling.Utf16">
            <summary>
            Use the platform-provided UTF-16 marshaller.
            </summary>
        </member>
    </members>
</doc>
