<?xml version="1.0"?>
<doc>
    <assembly>
        <name>Microsoft.Extensions.Diagnostics</name>
    </assembly>
    <members>
        <member name="T:Microsoft.Extensions.Diagnostics.Metrics.Configuration.IMetricListenerConfigurationFactory">
            <summary>
            Used to retrieve the metrics configuration for any listener name.
            </summary>
        </member>
        <member name="M:Microsoft.Extensions.Diagnostics.Metrics.Configuration.IMetricListenerConfigurationFactory.GetConfiguration(System.String)">
            <summary>
            Gets the configuration for the given listener.
            </summary>
            <param name="listenerName">The name of listener.</param>
            <returns>The configuration for this listener type.</returns>
        </member>
        <member name="T:Microsoft.Extensions.Diagnostics.Metrics.MetricsBuilderConfigurationExtensions">
            <summary>
            Extensions for <see cref="T:Microsoft.Extensions.Diagnostics.Metrics.IMetricsBuilder"/> for enabling metrics based on <see cref="T:Microsoft.Extensions.Configuration.IConfiguration"/>.
            </summary>
        </member>
        <member name="M:Microsoft.Extensions.Diagnostics.Metrics.MetricsBuilderConfigurationExtensions.AddConfiguration(Microsoft.Extensions.Diagnostics.Metrics.IMetricsBuilder,Microsoft.Extensions.Configuration.IConfiguration)">
            <summary>
            Reads metrics configuration from the provided <see cref="T:Microsoft.Extensions.Configuration.IConfiguration"/> section and configures
            which <see cref="T:System.Diagnostics.Metrics.Meter"/>'s, <see cref="T:System.Diagnostics.Metrics.Instrument"/>'s, and <see cref="T:Microsoft.Extensions.Diagnostics.Metrics.IMetricsListener"/>'s are enabled.
            </summary>
            <param name="builder">The <see cref="T:Microsoft.Extensions.Diagnostics.Metrics.IMetricsBuilder"/>.</param>
            <param name="configuration">The <see cref="T:Microsoft.Extensions.Configuration.IConfiguration"/> section to load.</param>
            <returns>The original <see cref="T:Microsoft.Extensions.Diagnostics.Metrics.IMetricsBuilder"/> for chaining.</returns>
        </member>
        <member name="T:Microsoft.Extensions.Diagnostics.Metrics.ConsoleMetrics">
            <summary>
            Constants for the Console metrics listener.
            </summary>
        </member>
        <member name="P:Microsoft.Extensions.Diagnostics.Metrics.ConsoleMetrics.DebugListenerName">
            <summary>
            The name of the listener used in configuration and enabling instruments.
            </summary>
        </member>
        <member name="T:Microsoft.Extensions.Diagnostics.Metrics.MetricsBuilderConsoleExtensions">
            <summary>
            IMetricsBuilder extension methods for console output.
            </summary>
        </member>
        <member name="M:Microsoft.Extensions.Diagnostics.Metrics.MetricsBuilderConsoleExtensions.AddDebugConsole(Microsoft.Extensions.Diagnostics.Metrics.IMetricsBuilder)">
            <summary>
            Enables console output for metrics for debugging purposes. This is not recommended for production use.
            </summary>
            <param name="builder">The metrics builder.</param>
            <returns>The original metrics builder for chaining.</returns>
        </member>
        <member name="T:Microsoft.Extensions.DependencyInjection.MetricsServiceExtensions">
            <summary>
            Extension methods for setting up metrics services in an <see cref="T:Microsoft.Extensions.DependencyInjection.IServiceCollection" />.
            </summary>
        </member>
        <member name="M:Microsoft.Extensions.DependencyInjection.MetricsServiceExtensions.AddMetrics(Microsoft.Extensions.DependencyInjection.IServiceCollection)">
            <summary>
            Adds metrics services to the specified <see cref="T:Microsoft.Extensions.DependencyInjection.IServiceCollection" />.
            </summary>
            <param name="services">The <see cref="T:Microsoft.Extensions.DependencyInjection.IServiceCollection" /> to add services to.</param>
            <returns>The <see cref="T:Microsoft.Extensions.DependencyInjection.IServiceCollection"/> so that additional calls can be chained.</returns>
        </member>
        <member name="M:Microsoft.Extensions.DependencyInjection.MetricsServiceExtensions.AddMetrics(Microsoft.Extensions.DependencyInjection.IServiceCollection,System.Action{Microsoft.Extensions.Diagnostics.Metrics.IMetricsBuilder})">
            <summary>
            Adds metrics services to the specified <see cref="T:Microsoft.Extensions.DependencyInjection.IServiceCollection" />.
            </summary>
            <param name="services">The <see cref="T:Microsoft.Extensions.DependencyInjection.IServiceCollection" /> to add services to.</param>
            <param name="configure">A callback to configure the <see cref="T:Microsoft.Extensions.Diagnostics.Metrics.IMetricsBuilder"/>.</param>
            <returns>The <see cref="T:Microsoft.Extensions.DependencyInjection.IServiceCollection"/> so that additional calls can be chained.</returns>
        </member>
        <member name="M:System.Diagnostics.DiagnosticsHelper.CompareTags(System.Collections.Generic.List{System.Collections.Generic.KeyValuePair{System.String,System.Object}},System.Collections.Generic.IEnumerable{System.Collections.Generic.KeyValuePair{System.String,System.Object}})">
            <summary>
            Compares two tag collections for equality.
            </summary>
            <param name="sortedTags">The first collection of tags. it has to be a sorted List</param>
            <param name="tags2">The second collection of tags. This one doesn't have to be sorted nor be specific collection type</param>
            <returns>True if the two collections are equal, false otherwise</returns>
            <remarks>
            This method is used to compare two collections of tags for equality. The first collection is expected to be a sorted array
            of tags. The second collection can be any collection of tags.
            we avoid the allocation of a new array by using the second collection as is and not converting it to an array. the reason
            is we call this every time we try to create a meter or instrument and we don't want to allocate a new array every time.
            </remarks>
        </member>
        <member name="M:System.ThrowHelper.ThrowIfNull(System.Object,System.String)">
            <summary>Throws an <see cref="T:System.ArgumentNullException"/> if <paramref name="argument"/> is null.</summary>
            <param name="argument">The reference type argument to validate as non-null.</param>
            <param name="paramName">The name of the parameter with which <paramref name="argument"/> corresponds.</param>
        </member>
        <member name="M:System.ThrowHelper.IfNullOrWhitespace(System.String,System.String)">
            <summary>
            Throws either an <see cref="T:System.ArgumentNullException"/> or an <see cref="T:System.ArgumentException"/>
            if the specified string is <see langword="null"/> or whitespace respectively.
            </summary>
            <param name="argument">String to be checked for <see langword="null"/> or whitespace.</param>
            <param name="paramName">The name of the parameter being checked.</param>
            <returns>The original value of <paramref name="argument"/>.</returns>
        </member>
        <member name="P:System.SR.InvalidScope">
            <summary>The meter factory does not allow a custom scope value when creating a meter.</summary>
        </member>
        <member name="P:System.SR.MoreThanOneWildcard">
            <summary>Only one wildcard character is allowed in category name.</summary>
        </member>
        <member name="T:System.Runtime.InteropServices.LibraryImportAttribute">
            <summary>
            Attribute used to indicate a source generator should create a function for marshalling
            arguments instead of relying on the runtime to generate an equivalent marshalling function at run-time.
            </summary>
            <remarks>
            This attribute is meaningless if the source generator associated with it is not enabled.
            The current built-in source generator only supports C# and only supplies an implementation when
            applied to static, partial, non-generic methods.
            </remarks>
        </member>
        <member name="M:System.Runtime.InteropServices.LibraryImportAttribute.#ctor(System.String)">
            <summary>
            Initializes a new instance of the <see cref="T:System.Runtime.InteropServices.LibraryImportAttribute"/>.
            </summary>
            <param name="libraryName">Name of the library containing the import.</param>
        </member>
        <member name="P:System.Runtime.InteropServices.LibraryImportAttribute.LibraryName">
            <summary>
            Gets the name of the library containing the import.
            </summary>
        </member>
        <member name="P:System.Runtime.InteropServices.LibraryImportAttribute.EntryPoint">
            <summary>
            Gets or sets the name of the entry point to be called.
            </summary>
        </member>
        <member name="P:System.Runtime.InteropServices.LibraryImportAttribute.StringMarshalling">
            <summary>
            Gets or sets how to marshal string arguments to the method.
            </summary>
            <remarks>
            If this field is set to a value other than <see cref="F:System.Runtime.InteropServices.StringMarshalling.Custom" />,
            <see cref="P:System.Runtime.InteropServices.LibraryImportAttribute.StringMarshallingCustomType" /> must not be specified.
            </remarks>
        </member>
        <member name="P:System.Runtime.InteropServices.LibraryImportAttribute.StringMarshallingCustomType">
            <summary>
            Gets or sets the <see cref="T:System.Type"/> used to control how string arguments to the method are marshalled.
            </summary>
            <remarks>
            If this field is specified, <see cref="P:System.Runtime.InteropServices.LibraryImportAttribute.StringMarshalling" /> must not be specified
            or must be set to <see cref="F:System.Runtime.InteropServices.StringMarshalling.Custom" />.
            </remarks>
        </member>
        <member name="P:System.Runtime.InteropServices.LibraryImportAttribute.SetLastError">
            <summary>
            Gets or sets whether the callee sets an error (SetLastError on Windows or errno
            on other platforms) before returning from the attributed method.
            </summary>
        </member>
        <member name="T:System.Runtime.InteropServices.StringMarshalling">
            <summary>
            Specifies how strings should be marshalled for generated p/invokes
            </summary>
        </member>
        <member name="F:System.Runtime.InteropServices.StringMarshalling.Custom">
            <summary>
            Indicates the user is suppling a specific marshaller in <see cref="P:System.Runtime.InteropServices.LibraryImportAttribute.StringMarshallingCustomType"/>.
            </summary>
        </member>
        <member name="F:System.Runtime.InteropServices.StringMarshalling.Utf8">
            <summary>
            Use the platform-provided UTF-8 marshaller.
            </summary>
        </member>
        <member name="F:System.Runtime.InteropServices.StringMarshalling.Utf16">
            <summary>
            Use the platform-provided UTF-16 marshaller.
            </summary>
        </member>
    </members>
</doc>
